{
    "promoter_data": {
        "Plant DNABERT": {
            "accuracy": 0.784,
            "precision": 0.7569444444444444,
            "recall": 0.8515625,
            "f1": 0.8014705882352942,
            "mcc": 0.5711510974941045,
            "AUROC": 0.8593109631147542,
            "AUPRC": 0.8505449291328164,
            "TPR": 0.8515625,
            "TNR": 0.7131147540983607,
            "FPR": 0.28688524590163933,
            "FNR": 0.1484375
        },
        "Plant DNAGPT": {
            "accuracy": 0.8,
            "precision": 0.7708333333333334,
            "recall": 0.8671875,
            "f1": 0.8161764705882353,
            "mcc": 0.6035366212803432,
            "AUROC": 0.8783139088114755,
            "AUPRC": 0.8750756751047346,
            "TPR": 0.8671875,
            "TNR": 0.7295081967213115,
            "FPR": 0.27049180327868855,
            "FNR": 0.1328125
        },
        "Nucleotide Transformer": {
            "accuracy": 0.768,
            "precision": 0.7631578947368421,
            "recall": 0.79296875,
            "f1": 0.7777777777777778,
            "mcc": 0.5357162648554584,
            "AUROC": 0.8509861680327869,
            "AUPRC": 0.842171026757824,
            "TPR": 0.79296875,
            "TNR": 0.7418032786885246,
            "FPR": 0.2581967213114754,
            "FNR": 0.20703125
        }
    }
}